torque,kappa,velocity,x,y
1.9852592639915172,3.6455903244673216e-06,0.007394222894667174,2.9999986347644607,-11.999950817003604
1.9885751381113523,1.614417271459936e-05,0.005806012093049781,2.9999986294333674,-11.99997367770724
1.2404058920167966,1.6530432655956541e-06,0.38063504100191914,3.016426735897695,-12.00005192101088
0.35039175716282367,3.1637892336575672e-05,0.8248064270896184,3.0532422457488297,-12.000088388139291
-0.01,2.580905702338152e-05,1.2393502730767596,3.0928772289029887,-12.000117624120705
-0.01,-6.8022150555107761e-06,1.611193801918779,3.1675172740674076,-11.999812744071555
-0.01,1.4007509042467414e-05,2.1283790432249936,3.2627849265182802,-12.000248311824299
-0.01,6.689744220091966e-05,2.480880692797685,3.3804517914080217,-12.000315108013947
-0.01,0.00015793140521656445,2.724823864302208,3.5140521336303103,-12.000117881407522
-0.01,0.0001371367255254234,2.787032612969117,3.652939184919162,-12.000440967907672
-0.01,0.00013124401141938939,2.7725092851365383,3.7919063130958253,-12.000927959750406
-0.01,0.00013499318525686887,2.7593462115304015,3.9301307420670892,-12.001108362515684
-0.01,0.00015902974590364247,2.75049315856426,4.067801280322175,-12.001242562514609
-0.01,0.00016041977718365524,2.739419562505751,4.204919325792489,-12.001360562960688
-0.01,0.00016076099587268884,2.7261223305882325,4.341481580567027,-12.001488548524405
-0.01,0.00017912131396043642,2.715035932993801,4.477489330997208,-12.001618936317394
-0.01,0.00017948719742022964,2.7085858949896515,4.61307191473633,-12.001754079716314
-0.01,0.00018387149389028547,2.691798766972811,4.748474536334934,-12.001889353599045
-0.01,0.00020576390250878583,2.673931089346044,4.882282109976189,-12.002031638978785
-0.01,0.00020253460817037071,2.6607208475166724,5.042163254622859,-12.002149047450256
-0.01,0.00020590143528249907,2.615928542605109,5.147543396987021,-12.002269585139096
-0.01,0.00018585871893456318,2.633069493470686,5.279456409744729,-12.002369841544752
-0.01,0.00016597205619284746,2.598117766146615,5.384537444106717,-12.00246341354578
-0.01,0.00019397850631106085,2.6066203671039254,5.540979507409065,-12.002678550026406
-0.01,0.00019952475824255156,2.595624933821262,5.644992496336841,-12.00270473093096
-0.01,0.00018078581422067719,2.577016542627656,5.799718249450994,-12.002747403848764
-0.01,0.00016982604005481725,2.564791398389458,5.928243365398479,-12.002844385918518
-0.01,0.00019310294501033971,2.5559811448045497,6.05621957293993,-12.002979163913123
-0.01,0.00019160948909985377,2.545013151462234,6.183646025511247,-12.003033655331171
-0.01,0.00018662958848987817,2.53160284275077,6.310601822426872,-12.003112577164563
-0.01,0.00024141993214896851,2.510710089753636,6.436475692789762,-12.003077202513085
-0.01,0.00018747073121780654,2.4988212295736947,6.561559041518223,-12.003158855680477
-0.01,0.00022419850073426267,2.487915047760781,6.686055674960517,-12.003395409142238
-0.01,0.00020723598930622774,2.4854978678033053,6.80962310931935,-12.003348120854026
-0.01,0.00016729110142547977,2.4496648816109965,6.907768479584423,-12.003593575374824
-0.01,0.00019384699434097161,2.438584304521031,7.054337454408854,-12.00355274459259
-0.01,0.00018172147649826048,2.4254667408096187,7.175866640541686,-12.003629059771297
-0.01,0.00019054249742659748,2.3887270508922698,7.296719903668924,-12.003685316209507
-0.01,0.00015890238995538186,2.3907987998398763,7.416494061638632,-12.003778576809717
-0.01,0.00014393459646202796,2.382025474993149,7.511929620391147,-12.003768219763721
-0.01,0.0001780490369021688,2.3735331207114148,7.678280357832204,-12.003789054774558
-0.01,0.00015779381658145072,2.3626659590311743,7.749252582272099,-12.003850901536795
-0.01,0.00017578358389301767,2.351774362931697,7.890614966681843,-12.003866621830356
-0.01,0.00018394937405628333,2.327058979788576,7.984407588931153,-12.003864221932934
-0.01,0.00015778551958789392,2.328390560766081,8.100782992310956,-12.003909313273361
-0.01,0.00017284890342457294,2.301462453824928,8.216081990627577,-12.003934058964266
-0.01,0.00022750354887704093,2.245589617515949,8.330235541678832,-12.003984659357284
-0.01,0.00020352602077024706,2.2644452672034605,8.443700656969812,-12.003824740850764
-0.01,0.00018600535017378951,2.2545957925505213,8.579193042815996,-12.00400878929373
-0.01,0.00019890021219488963,2.242613111221163,8.669102680312669,-12.004000671576629
-0.01,0.0002052474488324069,2.2010357193748744,8.802637987787394,-12.003842258276268
-0.01,0.00022484343206595958,2.195768721229975,8.912952263944968,-12.004072146566577
-0.01,0.00024732738356964218,2.1887063375161446,8.97891988974816,-12.003980881298856
-0.01,0.00025067342732713454,2.1673749330590577,9.087271097685095,-12.004061404179978
-0.01,0.0002395060334459215,2.1220187443066907,9.237774122831995,-12.004237767065721
-0.01,0.0002389028804994278,2.1329797272729856,9.323898850869664,-12.004241684073499
-0.01,0.00018256258802592878,2.124920572543302,9.430384429482606,-12.004307595933275
-0.01,0.00018762379289594903,2.1141011272591004,9.557485758158133,-12.004429964460945
-0.01,0.00019186808273374614,2.1033024993536373,9.641788494643148,-12.00445773904918
-0.01,0.00017610956907538225,2.092509325263032,9.746681899348546,-12.004507304749518
-0.01,0.00019437157763414065,2.0817253781943625,9.851035147373079,-12.00453357537708
-0.01,0.00019036448282467133,2.065689446965698,9.954255210993077,-12.004577973346159
-0.01,0.00021651483362412427,2.0528250122587286,10.057312604077547,-12.004592446131921
-0.01,0.00018287440477273922,2.0406585049727073,10.159103290249579,-12.004527708250873
-0.01,0.0001941431148774613,1.9967230819280106,10.280249952035291,-12.004635551030688
-0.01,0.00012926229235192869,2.0037016184204823,10.361157659212639,-12.004694027448714
-0.01,0.000176481427050857,1.993104681042464,10.48098752819118,-12.004735191041691
-0.01,0.00014738586760154306,1.9824709659799313,10.58025960284735,-12.004731898766591
-0.01,0.00016471650432454643,1.9716244198898887,10.678993507882065,-12.004731873240702
-0.01,0.00016099135882855631,1.9486148044466611,10.776603477423834,-12.004753375299558
-0.01,0.00022201988726160967,1.9080696457797088,10.8543518073227,-12.00472041747561
-0.01,0.00017424837839327551,1.8936916512812294,10.968899559421361,-12.004778727936342
-0.01,0.00018600679338807665,1.899293203405005,11.045364326221724,-12.004675217013574
-0.01,0.00015484639531414135,1.887935614372536,11.158933575253988,-12.004694308900183
-0.01,0.00015618937332568519,1.8777537236701958,11.234389918731612,-12.004698835046717
-0.01,0.00010881109539497198,1.8548312829178346,11.345808100230013,-12.004733357362543
-0.01,0.00014660212202428522,1.8434279269788072,11.419702934421087,-12.004895293867621
-0.01,0.00011394881217049705,1.834470318404048,11.53000026484903,-12.004822887299385
-0.01,0.00011423931250518562,1.8394086592465035,11.603158031486268,-12.004839580388014
-0.01,0.00012688569515697577,1.7788357362494631,11.693723997900504,-12.00485286081893
-0.01,9.0712449582231207e-05,1.7945008026704534,11.801465646023688,-12.004824381207628
-0.01,0.00011543264146158105,1.7838698383311211,11.872992217413323,-12.004817165166639
-0.01,9.2422993979409608e-05,1.775293277387709,11.944176607440252,-12.0048184553155
-0.01,8.8632249005389266e-05,1.7624215940820018,12.050310496411429,-12.00476734010906
-0.01,6.4580980909238839e-05,1.75167665887133,12.155671645094708,-12.004814583473522
-0.01,7.9120329011405212e-05,1.7409654723160144,12.225481876741433,-12.004785986499998
-0.01,6.4018193301877972e-05,1.7302551507765767,12.329561873073583,-12.004777143803866
-0.01,4.7443956651421288e-05,1.7058166204280822,12.398487178737456,-12.004693567932021
-0.01,9.2464172196482524e-05,1.7074676316531092,12.483655850738625,-12.004703698122377
-0.01,6.8481080908186736e-05,1.6795613695670524,12.58468552357609,-12.004682624682392
-0.01,8.6161769714068271e-05,1.6527892441598213,12.651674490722137,-12.00465435926119
-0.01,6.6250146892468401e-05,1.6536445103372277,12.73408696589941,-12.004660343547142
-0.01,8.9167488050229403e-05,1.619785419484359,12.799851584327012,-12.004691843457902
-0.01,6.4389876737189572e-05,1.628606385162062,12.914000405851136,-12.004577120500258
-0.01,9.2461493983459614e-05,1.6147201356199965,12.962593831364753,-12.004698273225124
-0.01,6.8614464458558843e-05,1.601809857245631,13.075092651710987,-12.004538873888174
-0.01,6.1886032236327889e-05,1.5911343326131255,13.138906778770679,-12.004552564812782
-0.01,5.0084237225397099e-05,1.5582121180468935,13.233501457502975,-12.00449599667167
-0.01,6.0961218493749102e-05,1.5690573717385978,13.311945022689404,-12.00472072980855
-0.01,2.352454101722492e-05,1.5497892768276846,13.374187052761979,-12.004515832426483
-0.01,4.5516774771845403e-05,1.5390786990866807,13.451399417547409,-12.004648401980504
-0.01,1.2596072566101492e-05,1.5283235314122976,13.528075289383983,-12.004653321710041
-0.01,1.670485363340633e-05,1.4899507330146724,13.604142048300794,-12.004676705197962
-0.01,6.5822271811019555e-05,1.5112600393463371,13.69416877378167,-12.004656039711417
-0.01,2.4960766654760141e-05,1.4904407533618154,13.768966108209279,-12.004613617894993
-0.01,3.0122305090881558e-05,1.4801823382449129,13.828337645770025,-12.004652786524776
-0.01,2.6577385533746891e-05,1.4695219671924915,13.902073464704717,-12.004587472401507
-0.01,4.6318392104735466e-05,1.4588182217559704,13.98985571285974,-12.004574361808562
-0.01,5.211992865840045e-05,1.448040742860649,14.062418049394273,-12.004537084054432
-0.01,2.0363762413695963e-05,1.4352686350405615,14.134447151947867,-12.004503617291542
-0.01,3.4946253183477812e-05,1.4288726003111603,14.177409020755443,-12.004552507377914
-0.01,3.2547693488422543e-05,1.416103928619622,14.262757838030156,-12.004466594338211
-0.01,7.8293072989070856e-06,1.386940633759927,14.333236532658065,-12.004447956652339
-0.01,2.4651619870538079e-05,1.3948906802956025,14.374892453777722,-12.004467651339807
-0.01,6.184298119517701e-05,1.3458739695740818,14.484500434429393,-12.004359635747527
-0.01,2.0306178002460172e-05,1.351900507664829,14.538574670294894,-12.004597350281406
-0.01,-1.5676781722211858e-05,1.3109517468174328,14.605424000027435,-12.004283037611462
-0.01,3.5496027370722469e-05,1.3348907627655966,14.684919808144304,-12.004256775709848
-0.01,2.4576868599824126e-05,1.294501968693724,14.736923878028996,-12.004552126619476
-0.01,-1.7472576091485335e-05,1.2887095092434682,14.801537325112049,-12.004442563677191
-0.01,2.3358418524755382e-05,1.2781125541342533,14.87846483347819,-12.0044597820827
-0.01,8.7423363529754676e-06,1.2696702273013982,14.91664291573719,-12.004416894776478
-0.01,2.3398639326424892e-05,1.2522130859110843,15.004839024898384,-12.00437743756204
-0.01,2.6548059212561467e-05,1.2142699749596781,15.053796320168845,-12.004354933602672
-0.01,1.5685247624016666e-05,1.2326826497704837,15.128316099776015,-12.004343936325812
-0.01,1.7335416548313948e-05,1.2221118536780409,15.177361506915323,-12.004340704691487
-0.01,2.0034442537960644e-05,1.2136149904250995,15.226067530161847,-12.004332411862237
-0.01,3.0399069693342882e-05,1.2008816718229656,15.29848969983591,-12.004305597618597
-0.01,8.2913402173557651e-06,1.1923868008530911,15.370147757291136,-12.00428141510839
-0.01,7.4764744792688819e-06,1.179615356592638,15.42927861798534,-12.004280857473091
-0.01,1.1687099830418644e-05,1.1689995596990093,15.47620086601588,-12.004261717682727
-0.01,-8.6944954125210212e-06,1.1583897532412712,15.545947501733924,-12.00427791267719
-0.01,-2.1796298570604185e-07,1.1477942521314786,15.59202133763191,-12.004262643674595
-0.01,1.3700907680242487e-05,1.1371273766199734,15.660495031607105,-12.004241915449473
-0.01,-7.867638508386852e-06,1.1264946785601149,15.70571894239823,-12.00424205758907
-0.01,-2.7569512745040707e-06,1.1158971492215124,15.761771513271327,-12.004218498053117
-0.01,1.6169182924554017e-08,1.1052991366034237,15.817294077210763,-12.00418811508494
-0.01,1.0267375412451487e-06,1.094699768863949,15.8832216644065,-12.004171762923482
-0.01,-2.3173384557474914e-05,1.0841037711833612,15.926749472637393,-12.004151484863375
-0.01,-1.8810667027950138e-05,1.073511467852888,15.98068242503284,-12.004148675125657
-0.01,5.3304604683814723e-07,1.0629173113899835,16.044702688904596,-12.00416608486422
-0.01,6.7159050383537525e-07,1.0523191151560898,16.097470298695498,-12.004145633494103
-0.01,-2.5936265293366519e-05,1.0438521191349108,16.12887669710075,-12.004132240534473
-0.01,-8.0287378127356103e-06,1.0311389125656192,16.191117491886054,-12.00412179072228
-0.01,-4.943575467953475e-06,1.0205552039537729,16.242402425351035,-12.004086991459076
-0.01,-5.8413080807650359e-06,1.0099660328673192,16.293157968650004,-12.004056706301663
0.001245255512599611,-3.2902275057998748e-05,0.99937738863171,16.35336591223625,-12.004061481764703
0.0365867689851973,-2.6945859736418369e-06,0.981706934762366,16.382882103228788,-12.00401297907745
-0.01,4.3032512318259975e-06,1.0201357634415158,16.442673820449166,-12.003877830954494
-0.01,2.883478220660181e-05,1.016793275769887,16.493776435132528,-12.004040248778914
-0.01,-2.3485574993468958e-05,1.006663867747504,16.544368806572546,-12.003920099183953
0.0032947315502249944,-3.8833081191742273e-05,0.9983526747569913,16.58446544168892,-12.004031934537068
0.009803600374409131,-2.4883386822853018e-06,0.9950986443384411,16.654093435500602,-12.004028523055958
0.019398156349767107,-3.808293795984903e-05,0.9903012534177382,16.693486709323846,-12.004063435262339
-0.01,-7.1406593150854145e-05,1.014387169065988,16.743606314432903,-12.00421207512081
-0.01,-7.9689745659932673e-05,1.0068371085079137,16.80424707873729,-12.004131254424966
0.006938945074165179,-3.0787447819553916e-05,0.9965306148116351,16.84426815841681,-12.004191819166119
0.0034213237602503145,-5.0005471712426003e-05,0.9982893792305272,16.894040545407726,-12.004066243120716
0.03767557419497003,-7.5208611074352525e-05,0.9811631964411377,16.943969335822917,-12.00402739098052
-0.01,-6.606218576132198e-05,1.0222169137049675,16.993848095218766,-12.00402975364808
-0.01,-6.2326004456005768e-05,1.0538751903451806,17.04601645895663,-12.004018905020962
-0.01,-5.4414728610104695e-05,1.0285497998860875,17.107759048490475,-12.003957976799462
-0.01,-7.3095342925581748e-05,1.0179250588236,17.148641232070577,-12.003986679027777
-0.01,-6.7013314323950294e-05,1.0094596550805832,17.209332127941686,-12.003976487885527
0.006478211558971986,-7.0960871238149724e-05,0.9967609993993188,17.24936864605818,-12.003951785978206
0.0018565605429636403,-7.9937811638486838e-05,0.9990717542530392,17.309175085044608,-12.00396340689424
-0.004232061470216228,-8.0474567637232563e-05,1.0021159190444733,17.34922617913992,-12.00393858379204
0.00046958649311760147,-7.1631193804304465e-05,0.9997652180046955,17.399270490325343,-12.003927908298744
0.00372589745849959,-7.2051312240004731e-05,0.9981372468589773,17.459154248419104,-12.00387948129384
-0.002687322704086054,-5.7820228085715027e-05,1.001343609841122,17.49914394489591,-12.003878867321308
-0.0012740448100627601,-7.5591711814819356e-05,1.0006370059115102,17.53920236696055,-12.003873700981183
0.003458692760117478,-7.7786344350696209e-05,0.9982706932006328,17.59915125808292,-12.003808037645879
-0.000947710019472226,-7.8124970118598571e-05,1.000473831963786,17.649091704708056,-12.003784128106274
-0.001219576406575157,-7.5373782594741992e-05,1.0006097246185908,17.69913668877627,-12.003773389590085
0.0013283144466205647,-8.8822569059596792e-05,0.9993359248538486,17.749131917672507,-12.00377284800646
3.811834324058972e-05,-7.9238341949086711e-05,0.999980941340936,17.799098142416998,-12.003771776027895
-0.0005538583071038147,-6.8500427336205604e-05,1.000276923013358,17.849106889131935,-12.003759197197379
0.00014396827057547594,-7.0092670240365614e-05,0.9999280175534484,17.88910995676406,-12.003739308560156
0.0005814353905233754,-7.7800535217323986e-05,0.9997092898318809,17.94908779313005,-12.003695717752638
-0.0003053435876447252,-7.8962644511579191e-05,1.0001526675788428,17.999078141097264,-12.0036535914178
2.497503353088021e-05,-8.1676813450036885e-05,0.9999875132852558,18.04908166112447,-12.003621592076346
0.00024957073723971433,-9.4348426105025855e-05,0.9998752208431111,18.109070444720057,-12.003648601593197
-6.048405988239993e-05,-9.597391193064547e-05,1.0000302399232495,18.149064833684374,-12.00360945744406
3.788358442121766e-05,-8.5962660959137385e-05,0.9999810587767978,18.199062096430342,-12.003616979887433
0.00014718510691222702,-7.2966557903682093e-05,0.9999264117309866,18.249055254080265,-12.003617829973154
3.670947462164543e-05,-8.298245767067672e-05,0.9999816457904329,18.309047997721628,-12.003548845379978
-0.007549344005970091,-7.1731542993969783e-05,1.003774246013819,18.349094686927142,-12.003568323115198
0.03897399485433786,-7.1874773242918449e-05,0.9805151543912224,18.39855413275438,-12.003414268353033
0.013466016189393993,-7.5993278587107148e-05,0.9932673549987505,18.447711021623373,-12.003211147963306
-0.01,-3.3604341008101198e-05,1.0288975026290363,18.50898250683136,-12.003265203640742
-0.01,-4.0005150358008597e-05,1.0241563351563505,18.560344729973824,-12.003241345676086
-0.01,-3.4757364255714702e-05,1.013643887862226,18.601055915503807,-12.003254889093942
-0.006102769925302565,-4.8885208383906915e-05,1.0030511558151975,18.6614885835637,-12.00321330882798
0.006501181527776037,-3.0914751246549787e-05,0.9967529180600276,18.69144905895373,-12.003248464133792
0.0042693778564487465,-5.9116088520672645e-05,0.997865400846692,18.761160312399742,-12.003236156288338
-0.004081636563503681,-4.8629547408066079e-05,1.0020407619386178,18.81124494555867,-12.003249727972044
0.009751363510491813,-8.2299122886178019e-05,0.9951244737760195,18.851355338398612,-12.0031804756537
0.01616550490750936,-0.00010783922287866131,0.9919175874685711,18.90089394057421,-12.003318821274405
-0.01,-0.000108489828080677,1.0145850296215035,18.950812496617218,-12.003379263940145
-0.01,-6.4223116346860286e-05,1.0088548414009,19.011553946040188,-12.00341464975319
0.003619642821650228,-6.3694041345713735e-05,0.9981902404634495,19.05165211615665,-12.003365835348514
0.0032741995931557482,0.028842023277359005,0.9983629955127978,19.10149789182147,-12.003312989282522
-0.001440350671740466,0.029536649752454153,1.000720156380338,19.15148494329341,-12.003523074540233
0.001032899062852601,0.030037953761014893,0.9994835715231443,19.201490121467096,-12.004921860382261
0.0007596440368440587,0.030584200706846663,0.9996201950960091,19.261447365238556,-12.006613291330767
-0.003540214464170368,0.03086302604934079,1.0017700659588606,19.291448198618536,-12.007504370204536
0.037277307575912945,0.063282481926196982,0.9813619167786705,19.351148023034135,-12.009438426340571
-0.01,0.06476211015088848,1.028964542346594,19.410525706863602,-12.011483292243271
-0.01,0.065741335417154198,1.0183132142033393,19.451542027906765,-12.012999956097255
-0.01,0.099420364305006684,1.0076203846724467,19.5020948308049,-12.01564518049632
0.0118241406637094,0.1013739554860526,0.994088532611029,19.5520575240046,-12.018602734288722
0.00023139561361639713,0.10319053225980801,0.9998843130328873,19.60165539630879,-12.022189892644224
0.0034207840075448,0.10536458410802751,0.9982896520363306,19.661449109369567,-12.027286678108947
0.003330092947599903,0.13965864435277792,0.9983350154524671,19.70120069406107,-12.030917131048565
0.01893148433801412,0.14188090406158227,0.9905348657762348,19.75067288148598,-12.036423911249681
-0.01,0.14390837673998735,1.0068059964007299,19.800133462436605,-12.043189038396326
-0.0098759777496147,0.14586701546137534,1.0049378610224373,19.849941034679134,-12.049958298317339
0.005770829097075414,0.18051393037693769,0.9971154057887519,19.909097873496936,-12.058177189267168
0.037037921945168396,0.18265709540422323,0.9814817277830391,19.948209020974886,-12.06350467894106
-0.01,0.18512213458541374,1.0099774183455807,20.007127961888234,-12.073188831329832
-0.01,0.1879990632177268,1.0078710549929426,20.05664988525987,-12.08200978814271
0.0030274033439146655,0.18998438701311643,0.9984863799579993,20.09600240982227,-12.088730471380805
0.010212342403311368,0.22235393472153483,0.9948943984808258,20.144896972171736,-12.096735191602134
0.016583981229816615,0.22590424228547934,0.9917082572890433,20.203505329331918,-12.105937498297257
0.0213841030177232,0.228726932463197,0.9893084746167695,20.252288929831597,-12.114132705675742
0.005354540006808065,0.23099676137743835,0.9973229387079918,20.291295585621164,-12.121139853117953
-0.0058016678335515645,0.25914306903738832,1.0029007521704583,20.34034192968936,-12.129315570973423
0.02911000386205923,0.26237037096903998,0.9854471902003065,20.389340921075824,-12.13859876895216
0.04433637894212058,0.26592850095107234,0.9778323813275315,20.44764542730404,-12.149231027699837
-0.01,0.26909226812221032,1.0357143731800846,20.497159831879983,-12.158087791385965
-0.01,0.29166887980870432,1.0145769716980368,20.547802258988607,-12.166944684265781
-0.01,0.29405963104291949,1.005532357893744,20.587551703237754,-12.174123357511418
0.037115607366311844,0.297364584928972,0.9814429104077302,20.645796199547288,-12.185668480060858
0.012168905977331723,0.30001093615936275,0.9939160108927592,20.69403716148757,-12.194934283107905
0.011648789510610033,0.31545915622952764,0.9941758535236442,20.74318987747339,-12.203684578907287
-0.008920242588816438,0.3179506652215825,1.0044598488741732,20.79281078850423,-12.21236666790171
0.009214945971939306,0.31968362857922333,0.9953931458298433,20.832036615625043,-12.219190693203876
-0.01,0.32200021657340722,1.006366024173119,20.881290280207395,-12.227613088621743
0.0036843305990297776,0.32626872463979456,0.998157929827686,20.940442387581122,-12.237824610829925
0.011655057859641103,0.32853053715668973,0.9941727644948188,20.979642997370096,-12.243843013445355
0.015755176266493778,0.33040291813432393,0.9921235938054154,21.0286295063598,-12.25103995023285
0.0033750355098599917,0.33267496431461258,0.9983125136266621,21.087458530757896,-12.259123880530678
0.019095187840138098,0.33180810729128546,0.9904537566593831,21.13671594797303,-12.265362824541224
-0.0032154873561910297,0.33307114894262679,1.0016076530673088,21.176782111791656,-12.26953213739344
-0.01,0.33469708492146949,1.0111036502343107,21.23708338322049,-12.275283288729012
-0.01,0.33631970300237235,1.005309014956664,21.28709646495064,-12.279409820904462
0.021747216411138682,0.33136532788529743,0.9891267371004977,21.326757855551584,-12.282288283977529
-0.01,0.33253088358298249,1.0062872352373775,21.376472003663125,-12.285242728254365
-0.01,0.33384603456016609,1.0050710287807874,21.4267879578616,-12.287307961685682
0.00642200483295106,0.33514915467897161,0.9967894889995168,21.476631338495295,-12.289025447834755
0.02225711417782627,0.32702246218347497,0.9888722499726538,21.535716544325638,-12.290066892901836
0.04219065043478522,0.32799054657708082,0.9789057882589981,21.574963738661843,-12.289690524388163
-0.01,0.32945245082348523,1.017186328960254,21.6355223304505,-12.287652052065607
-0.01,0.33046058709766474,1.0212464351103476,21.676753278947263,-12.285892037679236
-0.0019766478241892544,0.32019591877089026,1.0009882136473196,21.737637584694028,-12.282866108338128
-0.008027747968651001,0.32079375240465147,1.0040137419251363,21.78797407775239,-12.27962021586147
-0.01,0.32180256873062113,1.0087266656265437,21.82833145597134,-12.275626005910327
0.02848193818097531,0.32291000328421898,0.9857596461133994,21.888016792402627,-12.269183884285251
-0.01,0.3110004453418394,1.0226949246961998,21.928058013395685,-12.264172699264105
-0.01,0.31177226204832525,1.0210592310239446,21.978646341022408,-12.257058626906357
-0.00339616780826194,0.31257510689611018,1.0016980421241486,22.02827639060589,-12.249234776095191
-0.01,0.31386141336744144,1.0050259949898523,22.097464549726656,-12.23694042663182
0.054408474196576476,0.30089853803529892,0.9728001013407479,22.1361815544794,-12.229418052852576
-0.01,0.30163905915084283,1.0315384516638644,22.1851240250562,-12.218686771018843
-0.01,0.3023037456073458,1.0273557733302183,22.225286613327402,-12.209059582262327
-0.01,0.3032494398619941,1.0103459477700694,22.284451531283505,-12.19438348358054
-0.01,0.28994305461542452,1.0057589057165894,22.33335552496778,-12.181666847448001
-0.01,0.29042854032772153,1.0110922253687276,22.37209416377411,-12.170933100665925
0.01040151335474865,0.29125919528708566,0.9947996242095244,22.429583348592043,-12.153685478209905
0.001879842845691252,0.29187456944542323,0.9990601022409621,22.467533796693356,-12.141420604971687
-0.01,0.2785441633415035,1.006505654055558,22.515027241732565,-12.125142343384734
-0.01,0.27908367433777415,1.007925127437963,22.56236277801493,-12.108419587532648
0.009669240205458264,0.27973067924324047,0.9951656005069508,22.609171536559565,-12.09085672124753
0.0035587705762868726,0.28044612516077483,0.9982207022703767,22.65549765831551,-12.072467321552363
0.013217391758890105,0.26525178429470686,0.9933914307992515,22.710720341167594,-12.04991584314143
-0.01,0.26564618120498235,1.0075341657734642,22.747470052140496,-12.034137564735056
-0.01,0.26630157762797174,1.0128292122067006,22.793425661113492,-12.013302954240157
0.0029544402359622385,0.26700078029860885,0.9985228392599993,22.838651245010855,-11.991632320137715
0.01299260868658625,0.26774550775549166,0.9935038554930261,22.88340372729053,-11.969650777873335
-0.01,0.25269014737693662,1.007300191863351,22.936977973358644,-11.94221177934323
-0.01,0.25331100883791008,1.006459639559941,22.981493914234118,-11.91855284410894
-0.0067822188529943275,0.25379694421770699,1.0033909260678202,23.016618380647,-11.899134959320552
0.018538929569006872,0.23945107070045432,0.9907307354383152,23.059928643395615,-11.874441897907397
-0.01,0.23979582828864765,1.0095925791373073,23.094256495228667,-11.854112525979572
-0.01,0.2405759956278424,1.0082615847976764,23.14589176369816,-11.821967419888642
0.048105317045935694,0.24122586825484457,0.9759503139266353,23.187957772438963,-11.795031400976042
-0.01,0.24186878591736533,1.014939493605223,23.229308392819597,-11.767380129200316
-0.01,0.24277232027810761,1.0178877548487586,23.27999670131157,-11.733140488548239
-0.01,0.24353344387496248,1.0084340796569804,23.321370043701858,-11.704119481216653
-0.01,0.2286680671299833,1.006239898611599,23.35385088544015,-11.680857014078924
-0.008136441945344347,0.22939248462953726,1.0040680423176689,23.402064390006316,-11.64489908632387
0.04077461988651191,0.22997231794383419,0.9796146963618049,23.433256431632962,-11.620125637156852
-0.01,0.23076828928328127,1.0214215707748606,23.472365709309603,-11.588818989700565
-0.01,0.23162058183731149,1.0188268913231686,23.511968781323333,-11.55639443386253
-0.008951360945384347,0.23257634200398605,1.0044752989154917,23.558957329238517,-11.51771029605964
0.026168082060726537,0.23322283645536837,0.9869166814009597,23.58940550715215,-11.492153733979821
-0.01,0.21825260733496593,1.0144150509757177,23.63437538843399,-11.453106319836932
-0.01,0.21891933192984706,1.011423474686786,23.671832408706,-11.419178747525308
-0.006525060503440431,0.21952759109465908,1.003261811678629,23.701203612153286,-11.39172346579943
0.0077753636622338715,0.22017875868531656,0.9961124577543452,23.74460120207847,-11.350483250802705
0.0017050396784457076,0.22097878582005986,0.9991475062581217,23.766022279400172,-11.329713733650058
0.028733745603002826,0.22201486253758471,0.9856341362296672,23.808509726196217,-11.287690057517999
-0.005424864488538048,0.20688376911069201,1.0027081943628753,23.850654160304916,-11.245272076875436
-0.01,0.20757044271010006,1.0236656916532807,23.87863828386863,-11.215491753014847
-0.01,0.20838283785614906,1.011525532890235,23.919534865099912,-11.170342353090492
-0.007004134139958154,0.20938988099601438,1.0035019894206203,23.95318940377448,-11.132995741502132
0.009953964333314842,0.210089865315956,0.9950232591770991,23.979344838933663,-11.102855727299563
-0.005055117721213017,0.21123858966965672,1.0025274952258543,24.018264285321717,-11.057306623470796
0.007596302722262992,0.19588930450282918,0.9962021632008325,24.044097401316144,-11.026711380857261
-0.01,0.19650685494217943,1.009776297386304,24.075922607371453,-10.988102655443676
-0.01,0.19745211954803457,1.0054023751990158,24.106781816032925,-10.948042602242506
0.016568089158201543,0.19843310364946842,0.9917168002697334,24.143518844416118,-10.900974468886568
-0.01,0.19913585961817956,1.006003225927245,24.16744288957892,-10.869099632767913
0.004402523068891526,0.18423029816127715,0.9977988480428592,24.197378602641834,-10.82875480302327
-0.01,0.18482531628770921,1.0084007900125296,24.226865144083302,-10.788458047949824
0.0020896840689708022,0.18590844945148066,0.9989552331414289,24.260813104790667,-10.73856149838378
0.005676798783794692,0.18657482729421837,0.997161667196492,24.28332893978269,-10.705621811248333
-0.0053878393888870295,0.18745730944792757,1.0026937647852938,24.31099206639856,-10.66402249871531
-0.0018311541667973559,0.18819485058686941,1.0009155590092949,24.332912702420966,-10.630402085227955
0.009063833591707978,0.17332586057441557,0.9954684066807085,24.36533426333866,-10.580096415249765
-0.01,0.17427756508506764,1.0127173103460232,24.396753955691512,-10.528670406478334
-0.01,0.17513014853918107,1.0104570462507594,24.421940630083476,-10.484715800599526
0.03117280426118552,0.1761635113843045,0.9844150938227828,24.446918630575013,-10.44212692604067
-0.005920930029855258,0.17680512955918842,1.00296013091278,24.46673242136447,-10.408017248871607
-0.01,0.1605783446031864,1.0206165931799027,24.491637917757675,-10.363557341548573
-0.01,0.16118138923463371,1.0105086844580518,24.51570763763437,-10.319038057168559
-0.01,0.16226387797107783,1.0082458203119922,24.543129232044507,-10.265070632357931
0.010674072534423878,0.16301438418417527,0.9946630851216238,24.56115250815018,-10.229366260347678
0.0030371273668881133,0.14726162959901629,0.9984817833743993,24.583209613802786,-10.184819044533764
-0.01,0.14787229765746843,1.0111724181353128,24.604969071762824,-10.139612793201808
0.01652124035328585,0.1335080505102049,0.9917395440751672,24.625307677344395,-10.09383657307473
-0.01,0.13409435126631369,1.0091193475252664,24.648922378844997,-10.038676528993214
-0.006684159784090022,0.13477346503317597,1.0033408554784018,24.664632264263354,-10.0015182617785
0.011133658050002498,0.13552226118277474,0.9944334313664167,24.683183470292967,-9.955203726017379
0.0002909610879510966,0.13634072019804411,0.9998545280089078,24.70157119082159,-9.908885169326092
-0.0031361267581088647,0.12221245079487626,1.0015679505575998,24.723427595927603,-9.852819182927993
-0.006829084464574003,0.12260062604780095,1.0034143146278096,24.737826419406304,-9.815382601056271
0.008336378417008787,0.12322385979846853,0.9958319658144346,24.754955237376006,-9.768386283652333
-0.004088637984773071,0.12377493353517803,1.002044273664854,24.774642792242872,-9.711680165060054
-0.005309294605706004,0.11032929329430195,1.0026545789495513,24.790891696414178,-9.664164315240983
0.001593544845224196,0.11081313244203772,0.9992032739642254,24.80616723234348,-9.61656146097217
-0.009265276875069683,0.11147795264768659,1.004632448911875,24.8209699192788,-9.568737480091379
0.009575289010934476,0.11204015496655627,0.9952125417741116,24.83534192901003,-9.520926347248821
0.0014515089321118714,0.11276601126743543,0.9992743408281983,24.849616845449138,-9.473133218947652
-0.004094952481358183,0.09921043518384369,1.0020473951123041,24.85805793093166,-9.444261527796998
-0.003955657370596458,0.099729695178532779,1.0019775582405697,24.874512012421626,-9.386392790129156
-0.0038295930427098457,0.10028481852866361,1.0019147266758737,24.88710841790848,-9.33797268460392
0.011604163954896916,0.10094426818438341,0.9941980574582739,24.899586200634754,-9.28967591885577
-0.005735279380381608,0.088009025177535963,1.0028675519059804,24.911880246256004,-9.241272519303758
-0.01,0.088387392471545173,1.005168181613857,24.92376973039214,-9.192408079210656
0.009121894557484179,0.088919665799616909,0.995439575272824,24.936823582673185,-9.133848568511556
-0.005513371503763164,0.089465203362022461,1.0027566313330616,24.94536399743442,-9.094892892592249
-0.0009179215768805271,0.077088707876406259,1.0004589211363264,24.956018936084227,-9.045987443731521
0.008990862283700364,0.077547626323957911,0.995505137908884,24.967861930672758,-8.987339863893506
-0.01,0.077926029524645404,1.0052834879207213,24.975247077882624,-8.947957933405673
-0.00642883769362977,0.078361759271669759,1.0032143609097448,24.98453040770174,-8.898600082980293
0.010525682791402835,0.078898525868124875,0.9947376607110089,24.99174963710034,-8.859416345196156
0.008529329258344485,0.066838234675815858,0.9957354348091316,25.00060174548667,-8.810632534839966
-0.01,0.067190914733375545,1.0073915424454452,25.010896339865894,-8.751484407272933
-0.01,0.067583500899130372,1.0051304428753085,25.018479959049106,-8.70176637054553
0.01904827568310903,0.068071268670418447,0.9904760392722018,25.02606267828083,-8.652506383750978
-0.006677781197640953,0.054825540201073185,1.0033387582999624,25.034919304348293,-8.59333146566095
-0.01,0.055066449322416521,1.0089626121392745,25.04173185063204,-8.543374837023473
0.00045805213300498514,0.055325418766387552,0.9997709809444454,25.046491738950895,-8.503564926802552
0.003730233017029193,0.055639032269641682,0.9981349147073886,25.051332978556864,-8.463975966253443
-0.000646498211347404,0.056217426009140981,1.0003232077713669,25.05959165008402,-8.394589828051085
-0.001669618684734067,0.043213541602894236,1.0008347878472423,25.06544374619155,-8.34491804925302
-0.0015116907062347035,0.031706972328765168,1.0007558271886303,25.069890153214935,-8.305164269931488
-0.000848610691252105,0.031906605635197247,1.0004242727536439,25.07370632529377,-8.255272311829001
-0.00033074777417161483,0.032243245973876032,1.0001653669322426,25.077846134893004,-8.19541230819795
0.005345935613550162,0.032493756898014099,0.9973272118955654,25.080964047449225,-8.155602041444013
-0.0057549180452892,0.021725994722549442,1.002877362705896,25.085397140640524,-8.095762842295176
0.002389346226607688,0.021737879160858325,0.9988053533755096,25.08810784259208,-8.055788788138182
0.0012669839215077297,0.021835656922755006,0.9993665183699574,25.090767533979797,-8.005925508928726
-0.002131217187234631,0.021998858112275109,1.0010655753634896,25.093966160355475,-7.945953828432854
0.0007963633903224759,0.022171617114713323,0.999601842625422,25.096114330857144,-7.905971857526225
0.0008128675235851032,0.011866369478140078,0.9995935806566183,25.09923938869495,-7.8460631541747805
-0.0013126665102076362,0.011857420546111027,1.0006562631273463,25.101119231902672,-7.806082230710619
5.083442886498689e-07,0.011985592823015553,0.9999997458397447,25.1025375986673,-7.756052456100423
-0.00014003587372984991,0.012055920567549464,1.000070016003802,25.104415505824356,-7.706092237475641
0.0012821482243110171,0.0024652729526763225,0.9993589585336559,25.106330201716794,-7.65614453908895
-0.00044794132635886163,0.0024277221963555748,1.0002239621730973,25.107737273328837,-7.6061660730947365
-0.000288634620037216,0.0025002887411086799,1.0001443141101523,25.108540122929934,-7.546132175228938
0.000603163852477244,0.0025196025776446839,0.9996984278665958,25.10952544569514,-7.5061387232841446
-7.762491751126727e-05,0.0025153008366182558,1.00003881036015,25.110945977581505,-7.446146318915598
-0.0014912084966232952,-0.0065128824634176899,1.0007455684124276,25.111553489331758,-7.40613179885574
0.0016056032326936958,-0.0066406165486924788,0.9991972262892144,25.112647953701053,-7.346164161760289
0.0013491903126236107,-0.0066291596576458136,0.9993254229855032,25.11270045269613,-7.296205860237963
-0.0016168228246662547,-0.0066580104572313394,1.000807871021618,25.11310403762618,-7.24617320485704
-0.0019459474358606314,-0.0067338381938038894,1.000972954371599,25.11367205795703,-7.206128509507488
0.0037068566237534544,-0.015207586261252654,0.9981466406206716,25.114300912192682,-7.146171823718906
0.0008270781536380956,-0.015425600738305454,0.9995864827510501,25.11454505861721,-7.106202328139746
-0.0030330274482716336,-0.015576790369559602,1.0015163761972647,25.114723869392936,-7.046102267984482
-0.0012238006703189025,-0.015706388257960526,1.0006118830916355,25.114578887515748,-7.006046482320896
0.002489282686005048,-0.023343814714187932,0.9987557662519572,25.114457968031207,-6.956092501579487
0.001083631553064449,-0.023544201995251257,0.9994582287090445,25.11439794788783,-6.916153943790947
-0.0009686613725274128,-0.023729388426643055,1.000484308585657,25.11399108925956,-6.8561542409248135
0.00027915312404782917,-0.023904370957615242,0.9998604267124196,25.113438808284773,-6.806120927216812
0.002482469322934531,-0.024144193393063104,0.9987588047556104,25.112795874393473,-6.746326493551448
0.028188905730216228,-0.03309590768247056,0.985906730561152,25.112378162332465,-6.7068371270614335
0.01028673679373545,-0.033553544964163719,0.9948569707683157,25.111741930154736,-6.647001675709574
-0.01,-0.033760548300368405,1.0301607938534159,25.111440079032946,-6.6059621860268525
-0.01,-0.034095540753193515,1.0251540444929774,25.110394963209295,-6.544204651326963
-0.01,-0.04222570251872295,1.014529423853599,25.10953393148922,-6.493293009739937
-0.006085482049279216,-0.042539605690216871,1.0030426809588973,25.108872229473427,-6.452957750177427
0.007265875847539769,-0.049340508027320491,0.9963671493830496,25.108097092016564,-6.412963922919332
0.006655248412890855,-0.049755669716786285,0.9966724295829972,25.106920178038234,-6.363191842951434
-0.009358153969783697,-0.050177195853137291,1.0046789424499465,25.105352227034366,-6.303131248523317
0.003068265157383567,-0.050532451559650332,0.9984659530057095,25.103868474750247,-6.252970018606718
0.0028300638138446252,-0.050971981840829454,0.9985850097907681,25.102171830061163,-6.193062179748298
-0.0037716144818538177,-0.056980984587638547,1.0018857508613326,25.1011267120455,-6.153007641021921
0.004249990993215582,-0.057421232600667074,0.9978750504038404,25.09992525661661,-6.102945207436524
0.00047712474034662054,-0.057822527632412614,0.9997614520645138,25.098277133836604,-6.042993532246925
-0.01,-0.058233876337148056,1.0067913080772912,25.09716327519105,-6.002889497290831
0.03441196733613721,-0.05869411140018771,0.9827952444507829,25.095961068627723,-5.95325859632392
0.020195574873279956,-0.06390093586005563,0.9899023772336837,25.094927205167124,-5.90414819574436
-0.01,-0.064718620232788099,1.023578285142835,25.09377905367085,-5.853405263426963
-0.01,-0.064851628199482494,1.024480600914023,25.092091684427402,-5.791736102054896
-0.01,-0.065442966597908311,1.0138375552886654,25.090661978773955,-5.74083738790696
-0.01,-0.065826785010700342,1.0063624254038566,25.08981617713233,-5.700499465602744
0.004055562844327321,-0.070111701837503509,0.9979731611780404,25.088853588163797,-5.650543358595924
0.00932886662579213,-0.070752322131482026,0.9953357541775304,25.08805065407371,-5.600910891922285
-0.0026068932320633966,-0.07114855900156436,1.0013033244964793,25.087449938787067,-5.561066851575915
-0.00686911511871564,-0.071767132878775272,1.0034344484903588,25.086598127449143,-5.500909775154565
0.005354022603095197,-0.075363923483462977,0.9973230737105502,25.085855574011628,-5.4409853796273895
0.004295941415648578,-0.075902607056730201,0.9978523398968955,25.08535285637169,-5.391170057907314
-0.005028402753587233,-0.076219789563206949,1.002513892107764,25.084898245625862,-5.341128860393681
-0.0035803822294248034,-0.076861566417693469,1.001790138361955,25.084601013585882,-5.301066087711025
0.003469811312215018,-0.077543080396433664,0.9982653618409459,25.084262493496897,-5.24118889925073
0.02702800342246724,-0.080208380983689265,0.9864869474200859,25.084245108321955,-5.191820642315621
0.009871277736647576,-0.080659746947003744,0.995064450092222,25.08433208805186,-5.152309194110813
-0.01,-0.08139161886000025,1.017415151163483,25.08454490818396,-5.091453438277142
-0.01,-0.081585397214383501,1.0288793023931253,25.084695556602956,-5.070972037805601
0.009204635878719116,-0.08240105923293177,0.9953980105622554,25.084667372329267,-5.0002042016617185
0.020183541135975973,-0.084204519792458271,0.9899088833582661,25.084936281327323,-4.950489326589923
-0.008555499583339374,-0.084905860767645808,1.0042770333334397,25.085927259572824,-4.890639527354765
-0.01,-0.085542032918047031,1.0116067331591476,25.086865307017362,-4.840114085876901
0.009674070597384133,-0.086127843293727024,0.9951633915927379,25.087801720516453,-4.790119711602797
0.005088316726430868,-0.08650821629357891,0.9974561011029435,25.088311847359385,-4.760238035711623
-0.01,-0.089901541082723233,1.0082178724547448,25.089861836210776,-4.700081469083152
0.02309211463908489,-0.090652203072488668,0.9884542052910874,25.091332502005674,-4.640364667144619
-0.003599713624140169,-0.091129434443036644,1.0017997834356607,25.0924393796956,-4.600694963608723
-0.01,-0.091799905184811362,1.0112456095700655,25.094092835820895,-4.550083653398827
0.0014573897698187904,-0.09421851267363672,0.9992714553990921,25.096326351813126,-4.4901011617172
0.007561280951324916,-0.094770392273422391,0.996219500133597,25.09787972430376,-4.450316398192975
-0.009229268663805211,-0.095276124629034467,1.0046145155117896,25.099906349675113,-4.400452264720398
0.030038561530698588,-0.096956478940660229,0.9849811338885947,25.102403900695784,-4.341106119675042
0.003873402465276021,-0.097489412371828732,0.9980634519624186,25.1044910479921,-4.301641789007145
-0.01,-0.098300001501741424,1.0111863885167907,25.107936136532608,-4.241160139654896
-0.01,-0.09875004329633498,1.0100113917204292,25.109640417079483,-4.210836375417178
0.014862552406198897,-0.099514925767022172,0.9925690054951576,25.113199001285214,-4.150847225474045
0.025119320082221317,-0.10010994400764547,0.9874406938936499,25.116239999318243,-4.101103509698783
-0.01,-0.10079553890190661,1.0162536859386695,25.120452804766295,-4.040964643047092
-0.01,-0.10152348058429461,1.022934059143704,25.123660505621416,-4.0000637108031265
-0.003400630576946527,-0.1023466498288956,1.0017002591037256,25.128173551667857,-3.9398238357774136
0.0033608946090596618,-0.10292511309763777,0.9983195940415183,25.13124466152872,-3.8999645507742726
0.0015661196804432477,-0.10282291354588441,0.9992170063565886,25.136310405360472,-3.8403227931848667
-0.004141394778757194,-0.10335163943656935,1.0020706141561302,25.139848471722168,-3.8004651982071036
0.004336394326227151,-0.10415110791610101,0.997831981165996,25.145384079529652,-3.740745307920643
0.0012776394262859188,-0.10471334099693624,0.9993612309095219,25.14930306226879,-3.7010204488304863
-0.0002570644242778873,-0.10543762047411452,1.0001285262735156,25.154374061107603,-3.6512402704953786
-0.0011615459082297257,-0.10431590388478132,1.0005807415514831,25.160720934284438,-3.591503786887165
-0.0031007299147897886,-0.10510978934848501,1.0015501687056252,25.16521128026708,-3.5517273019897
0.0047861502202639844,-0.10580052916379157,0.997607216179059,25.17105472279259,-3.5020761774136218
0.0019407165625592426,-0.10636755693607862,0.9990296621234885,25.175838755045312,-3.462452398657669
-0.0022868289336582717,-0.1050303842945761,1.0011433568942316,25.184568516942115,-3.3928951165310717
0.0338871145466452,-0.10539901870016578,0.9830569008116059,25.188444007710544,-3.363305772002282
-0.01,-0.10625701251104046,1.0214984011698276,25.198072948126388,-3.293804690903384
-0.01,-0.10719560324717681,1.016221595181272,25.205001156037113,-3.2432552062795543
-0.01,-0.10791739979664802,1.0057679079857427,25.21265358476577,-3.1934980514123223
0.008951044229555864,-0.10838864706152349,0.9955246232123892,25.216910259183546,-3.163808537335533
0.025792727383052022,-0.10608314284905367,0.9871046029319801,25.225827335205064,-3.1048885393025554
-0.01,-0.10676189458649497,1.0068707829059418,25.2336622840058,-3.0559403969192998
-0.01,-0.10747811561650271,1.0182364582535246,25.24225146994817,-3.0058632921174886
0.00806154675120236,-0.10822246435675989,0.9959694589835263,25.25045780262782,-2.956341286787315
0.030630951329699802,-0.10535368790037238,0.98468509394702,25.259295116336656,-2.9073674854239653
-0.01,-0.10597170046878006,1.010949638288088,25.268164792646807,-2.858360711443174
-0.01,-0.10683434480510436,1.0226344044090414,25.27976770574927,-2.798055230019999
-0.01,-0.10739088307767466,1.0059242098295427,25.28770365878161,-2.7584756501946437
0.015649343225049163,-0.10637495306184333,0.9921755488889272,25.299398664736938,-2.699593937492651
-0.01,-0.10700478625971108,1.0064440101688286,25.309343437734988,-2.6505827474078933
-0.0023699076768502894,-0.10755757008179087,1.001184918412102,25.317751672567766,-2.6111976126982253
0.0040378186392598095,-0.10825819855970574,0.9979811573926507,25.328265818529317,-2.5623178422943798
0.002958428468521546,-0.10883462900181927,0.9985209366235007,25.34121320070239,-2.5037831506558823
-0.005212219919863526,-0.10711882265963477,1.0026059817206274,25.35007803737275,-2.464682718985976
0.002438613457910224,-0.10779453675035816,0.9987807518744323,25.361312715954263,-2.415754738796091
0.02992530370054299,-0.10832767512053004,0.9850378147477221,25.370412173704622,-2.377236605178923
-0.01,-0.10918365322063857,1.0214996144461108,25.384455888578174,-2.3194656382743344
-0.01,-0.10996757186199042,1.0127298190977707,25.396922103910036,-2.2700424856255514
0.004410160769097109,-0.10741590858489938,0.9977950375834305,25.40893855208562,-2.221416497385354
0.0022107754188623375,-0.10802773272723826,0.9988947694464407,25.42118496936778,-2.1732420209806853
-0.002235963252230104,-0.10874580375977685,1.001117868248269,25.436992246318663,-2.115221977955153
0.004418202390495827,-0.10944298887211007,0.997791003400586,25.447564793471543,-2.0768516066449543
-0.0046138461145019275,-0.11020602935749987,1.0023068329685878,25.460869667018965,-2.0287434106243634
0.005440249740876419,-0.10698249565816703,0.9972800545006625,25.471629940024524,-1.9902568588924616
0.004299255339392326,-0.10788362798512709,0.9978504316774593,25.491012526971563,-1.923117411975756
-0.0070988745059776,-0.10848388589057174,1.0035493372288464,25.502668124686938,-1.8846888200944132
-0.005042624312049022,-0.10917592563186015,1.0025212544490898,25.517007268576787,-1.8365648645883461
0.0333686396168174,-0.10560539706341664,0.9833172910660339,25.53122149525663,-1.7891573664739964
-0.0008827274370457192,-0.10622692256482202,1.000441353932414,25.549188866006098,-1.7324386264948828
-0.01,-0.10697236913802449,1.014921705018762,25.561827113080014,-1.693837090240604
-0.007702085397886598,-0.10765047233397936,1.0038508598101317,25.580507177460884,-1.6362188243153037
0.002515196390077561,-0.10822032161177832,0.9987425867158579,25.596255612161354,-1.5887593368440265
0.008651409555490801,-0.10438077070150779,0.9956744870408282,25.609043731844242,-1.550996628341238
-0.009772374931175066,-0.10500937202185684,1.0048858009631405,25.625353315293747,-1.50371887292319
0.0015488122993213963,-0.10571765755706448,0.999225622208901,25.642171878051446,-1.4564506161935369
-0.0007986060429004306,-0.10642159340853956,1.0003992642402242,25.659022342708536,-1.409507014138198
0.0043643211311433176,-0.10215890059619344,0.9978179246509368,25.676003904259595,-1.362610594905607
-0.006386508181976472,-0.10273280371306442,1.0031929494353495,25.693403166373567,-1.3157948835046547
0.006399463108077078,-0.10341100726078106,0.9968003512920903,25.71500105155326,-1.2597695296279947
-0.0009001830213057858,-0.10407339998564927,1.0004499889025953,25.729297957276273,-1.222502744508282
0.001638441530895304,-0.10476512860479098,0.9991808037266284,25.747484273419076,-1.1758476257588488
-0.007209202528263339,-0.10015726791014196,1.0036045234038191,25.76598887793924,-1.129297411108204
0.004674850611267379,-0.10071291510111233,0.9976626305330515,25.784605043340598,-1.0828238399336787
0.0033816699339286153,-0.1015469590959299,0.9983092107463415,25.80784470380609,-1.027586095681222
-0.005312318664698113,-0.10207124599912162,1.002655899840487,25.827176330616613,-0.9813487777470645
-0.004989969240248915,-0.097142662204970656,1.0024948440053472,25.838726415320103,-0.953589816497461
0.0018794322576806382,-0.097840705052074484,0.9990603126377577,25.862567604183756,-0.8985984895954613
0.014375443937846608,-0.098463780596128175,0.9928124589918107,25.882949275554445,-0.8532308795568784
0.0020856320717199885,-0.09908733727487741,0.998957217676833,25.907235874941705,-0.7984726524035545
-0.009246202205186922,-0.099895520080883746,1.0046223658095703,25.928026792279695,-0.7525846525750526
-0.0024469293974669214,-0.096739152231390638,1.0012234235708792,25.944796194532078,-0.7160558304885187
0.019852393009316988,-0.097272539222288318,0.9900742734777956,25.965707104811425,-0.6707544075403998
0.009422876245096204,-0.0980102756378151,0.9952888024748215,25.991080672365943,-0.6170266028433654
-0.01,-0.098419789444618794,1.0158608868797054,26.00426291993968,-0.5896289094791063
-0.01,-0.095231874514131482,1.0068551710662812,26.03040095323966,-0.5346711952831987
0.0024095782519310007,-0.095891946265417763,0.9987952789470425,26.057085595414943,-0.48087943500789687
0.010768003925185989,-0.09639025323070842,0.9946161050913629,26.074951636698337,-0.44526796217228815
-0.0014724784265666322,-0.097008122669364649,1.0007362263644841,26.09746212968734,-0.4006384857034531
-0.01,-0.097521878577050927,1.0076486625402177,26.124835492312762,-0.34681813785552446
-0.002438811805164099,-0.0983147472805843,1.0012193772955174,26.143122639714793,-0.3111288706053671
0.021457520175954398,-0.094400521609909999,0.9892714517049207,26.166074429971022,-0.2669862529946438
-0.01,-0.094974667562693363,1.0059670991347842,26.189332838717707,-0.22283773332910217
-0.01,-0.09572943772302582,1.0100452814539718,26.218081406240476,-0.16953428033474877
0.0037697428225707207,-0.096115437991046285,0.9981151590567532,26.24192113585327,-0.12564392477137315
0.01059154081219447,-0.092140923221028057,0.9947044742764258,26.26101534651245,-0.09084810551828051
-0.007343942497074498,-0.092662878656984679,1.0036718656703532,26.28522144825327,-0.047213888183655316
0.00027573106349887487,-0.093414867836169355,0.9998621455510238,26.31503218124277,0.005122888544679701
-0.0030284513428916597,-0.093801560501538969,1.001514191014364,26.32986794342998,0.0311793192023839
0.0034514032130620585,-0.09458030390821183,0.9982744600739745,26.364764688310814,0.09169063669526066
0.012792392194414977,-0.090116710923309432,0.9936040838753936,26.3848038060719,0.12617523899712915
0.005849575734687053,-0.090638181659667291,0.9970752895335463,26.409882811063884,0.16910762015604847
-0.01,-0.091204997982561153,1.0084860865003797,26.435607165086875,0.21206008625843362
-0.00850328084588361,-0.091712811268046299,1.0042515431128425,26.4670223520966,0.2639114240199855
0.0248481133345763,-0.087221581861048031,0.9875767857042104,26.48764137741529,0.2977905687072057
-0.01,-0.087764241321593647,1.013457169606811,26.514015122114124,0.3401258682082415
-0.01,-0.088371603394264392,1.007819035817743,26.541155634696015,0.38281874801490673
-0.0015811908559330307,-0.088962530447215832,1.0007905461213675,26.573278309695418,0.4334903539774289
0.017268030023024388,-0.08436716725284836,0.9913662171821251,26.600083893489337,0.4751756427266489
-0.004374946511114157,-0.084780072870565298,1.002187221070663,26.621846212471148,0.508614264803489
-0.01,-0.085360933682813445,1.006328443512424,26.655413605895212,0.5588873599853003
0.009807453056436212,-0.085880411447081986,0.9950964116601778,26.677542291860124,0.5922436402555087
-0.0018500627578469247,-0.08655606376233517,1.0009249026428655,26.71094508490591,0.641969546639558
-0.0008784307318370375,-0.081592581086169305,1.000439201355217,26.733477664900956,0.6752038381979525
-0.004778527127662344,-0.08195832397240041,1.0023892218665578,26.75602658212504,0.7083355930228494
0.005418917257260377,-0.082632790849850313,0.9972906227630696,26.790600890156206,0.7575096517379292
0.00414054602962859,-0.083173920076914362,0.9979298685375633,26.825121870159013,0.8065343192215304
-0.004996843730876508,-0.078271632569271749,1.0024981581305206,26.848252885818287,0.8393899109207844
-0.01,-0.078833945491229462,1.0095297817239621,26.883585677670144,0.888345010768859
0.01133540185369915,-0.079252350285515832,0.9943324928408236,26.907296525016182,0.9205229062164982
0.002565191263225643,-0.079753712749018754,0.9987174706000833,26.942594062187112,0.968759407496595
-0.006212217496690177,-0.08015933556141111,1.003106013664118,26.960487442642236,0.9929521256179529
-0.007096550563915757,-0.07716641418979403,1.0035480605865574,26.990475968969218,1.0332751643669444
0.01039478633341449,-0.077596423627163527,0.9948027845220582,27.03249778809583,1.0890345149924958
0.0045909332421349295,-0.078218346144279027,0.997704598065829,27.056731088878507,1.120654949512251
-0.01,-0.078867462493026355,1.005859738766601,27.09357733609927,1.1683788060751872
-0.004240840831886492,-0.075617510999746368,1.00212028574661,27.124228591295594,1.2080543080970811
-0.0003660572381193412,-0.075974488501686463,1.0001830024927005,27.148632500456657,1.2395487167331494
0.026632720291849314,-0.076521475159207167,0.9866847827083427,27.18553106758717,1.2862708758581283
-0.01,-0.076934791316321638,1.0149048244875658,27.2104904112132,1.317646352110578
-0.01,-0.07756664190929792,1.0113485324534324,27.248672848609896,1.365163266047048
-0.01,-0.077983303298351736,1.007458843611759,27.2802020681273,1.4043499094911644
0.013363457177378088,-0.074371174485879279,0.993318519917593,27.305311783276917,1.435268833669716
0.0035657899883672225,-0.074684820346697114,0.9982172131384118,27.34315929582392,1.4814275542620052
-0.01,-0.075283403279023026,1.0072305648953073,27.36893761090874,1.5122921138995746
0.004834428071123677,-0.075894830926210993,0.9975829906519669,27.407650375942602,1.558365353849515
0.001915885571646939,-0.076322242500204446,0.9990421446344098,27.43332042619225,1.5889408144759
0.004062215809488565,-0.072541965456470431,0.9979689507851277,27.472173501892254,1.634747542784023
-0.01,-0.072916950904920397,1.009384354901734,27.49832001371385,1.6652762896326139
0.002918246398231608,-0.073411978102436146,0.9985409302336149,27.5379899802704,1.710630175922471
0.004697606798296742,-0.07401941692567722,0.9976512406158986,27.57092306874363,1.7481956818907358
-0.005560499907771223,-0.069985195811499909,1.002779752895334,27.59743327873205,1.7782902135046936
-0.0010218831820900966,-0.070307189446103896,1.0005109106755155,27.6240007294486,1.8084087389032124
-0.0029586359388976266,-0.070778066546955981,1.0014792248633306,27.67075309243893,1.860558111109951
0.009265087641589705,-0.071355461148367008,0.9953675622072918,27.704280262640122,1.8974967255273378
-0.008405800489797829,-0.067361929755117997,1.004202493852919,27.731219354934126,1.927030799925367
-0.006115430532979305,-0.067795834703628405,1.0030575683039018,27.771874459852917,1.9713340363496996
0.017354460501828567,-0.068154284559956091,0.9913229472496021,27.805761457165055,2.0077459339983847
-0.01,-0.068640094931853551,1.0054601041664293,27.833082880082877,2.0368286918064697
0.003629198613962201,-0.068993329279440949,0.9981854507906748,27.860753547736344,2.0660657073616546
0.0015499085966252024,-0.06500348599982711,0.9992250866061677,27.90888959280843,2.116822424995909
-0.01,-0.065430078776394243,1.0101423202191657,27.94371709140495,2.1529365134817855
-0.005146004962304065,-0.06569972601104597,1.002572807786349,27.978693424661266,2.1885656374359033
0.0324111392207603,-0.066233088051845565,0.9837948383870054,28.00640631487719,2.216925314917532
-0.01,-0.062054685517517784,1.0097316760978687,28.0483169816135,2.259707281088575
-0.01,-0.062316454966732084,1.0133518084293234,28.06980882635287,2.2813215073827484
0.0029242800534319425,-0.062858201368972549,0.9985379020133978,28.11279804742569,2.3238821794499973
-0.00345952559260326,-0.063224336770446837,1.001729718257429,28.141262697004024,2.351999561255315
-0.004721015571389789,-0.063645130228504834,1.0023604581487566,28.17687171963044,2.3871265998925146
0.01689512412621702,-0.059499808933446245,0.991553334499344,28.22674013611909,2.4358998027338865
-0.01,-0.059803490093970769,1.0056325619950763,28.255542491861004,2.463655170059633
-0.01,-0.060159761221667933,1.0081083733822578,28.284785439752355,2.4915122840126807
0.01914755130896058,-0.060670603941482507,0.9904269761637121,28.328273316712593,2.5328398763670137
-0.01,-0.0584382412273372,1.0061027167950798,28.371718956842216,2.5739839273209526
-0.002575344374871224,-0.058765459659714622,1.0012875749356056,28.40104263834153,2.601536110913095
0.008142634508489585,-0.05916819960401222,0.9959293395944153,28.437663360559526,2.6354893221325004
-0.0010055359070165755,-0.059573623682808739,1.000502752275103,28.474329615459013,2.669417350508413
-0.007981432421075107,-0.059991471927088147,1.0039906083177899,28.511256874985403,2.70354702952013
0.006455162476368161,-0.057527463281174557,0.9967726025116157,28.548197316471295,2.7373865823582584
0.0064040245220773435,-0.05781411538240163,0.9967980646897687,28.57770519545468,2.7642901835669536
-0.01,-0.058280057675707417,1.008922148260175,28.62246495853108,2.804624354017146
-0.01,-0.058766368795304773,1.0076417612232171,28.66735267801659,2.844847929736792
0.013610606018004467,-0.059083271213459437,0.9931952314040435,28.697001826829965,2.871370847652391
-0.00015817772461694667,-0.056436553926903679,1.0000790368419719,28.734100774954836,2.90428176389977
0.00401129842244187,-0.05676361110474748,0.9979945745539398,28.77923593329204,2.944004696997671
-0.0029340109821965293,-0.057082594049573006,1.0014669773708236,28.80198186669703,2.9637324775697445
-0.01,-0.057567722739569359,1.0091471580533895,28.84756323250161,3.003334243729687
-0.0014272182424905767,-0.058069581344656965,1.0007135851326399,28.892957749394565,3.042645183553645
0.020926227449438388,-0.05512281103327156,0.9895371302415413,28.923138344772628,3.0684519656483693
-0.01,-0.055471712440831926,1.0109417286007132,28.96112905546948,3.100873252822354
-0.01,-0.055853193238644801,1.0104001211645868,28.999814564918452,3.1334894191401332
0.0006566086421948155,-0.056256058864460876,0.9996717023946615,29.038195987318506,3.16575014329752
0.014727763339777787,-0.053281076340675075,0.9926372579452039,29.07633398139684,3.1976843571869753
-0.01,-0.053682271376049293,1.010505977274176,29.122625194460742,3.2359827863660806
-0.01,-0.053976254810408117,1.0090664875437279,29.153776588400927,3.2615780740299103
0.007994176421835048,-0.05429137940850335,0.996003154212514,29.184729733012173,3.2868794326542172
0.01857545807804985,-0.051435760639529288,0.99071267750099,29.238664947169468,3.3307890068797876
-0.01,-0.051770622579784771,1.0056928635251214,29.277891437836924,3.3624105961600375
-0.01,-0.052034426800840951,1.0094674264623174,29.30961795529008,3.3876590157746085
-0.006840699060632373,-0.052480929038176721,1.0034190612392475,29.3567585377757,3.4251451692698405
0.014783606367110546,-0.052772617171404065,0.9926084188650189,29.387912990008722,3.4498621949805153
0.003347711233338884,-0.049641332542784265,0.9983261774263597,29.426934148411682,3.4806317377464895
-0.01,-0.049955708047127415,1.0066138971091654,29.46658187514439,3.5116234671509394
-0.00122559273963104,-0.050261689289925172,1.0006127805912015,29.506359781903544,3.542405844613449
-0.003219170691804412,-0.050634114282850216,1.001609304486221,29.545915781463233,3.572920518867268
0.01772748118278773,-0.05101083908769162,0.9911367374068625,29.585454478226477,3.6032564260474746
-0.01,-0.047821118841639913,1.0097734487698182,29.63319754643717,3.63969788480027
-0.01,-0.048102028005948441,1.0098984764902081,29.673429473770646,3.6700931484815094
0.0032287928962549456,-0.048400620414833437,0.9983857972883411,29.705431769462493,3.694037737477469
0.008069626463912622,-0.048710016635221426,0.9959653050874298,29.745253242939473,3.7237448059050866
-0.008862646030345304,-0.045487500076988777,1.0044312032102076,29.785279642290824,3.753548711523511
-0.0036187653705160162,-0.045754947449483267,1.0018091764178623,29.825545640785865,3.7833306650340517
0.011440782065439394,-0.046081914489824932,0.9942797398936438,29.873703083539116,3.818564735492025
0.009363180005719647,-0.046367582314704628,0.9953187970556798,29.905815898095177,3.8419610997955327
-0.01,-0.04529197641219726,1.0096261262818989,29.95463440087737,3.8772434350819114
0.007631692081431681,-0.045492659017126347,0.9961846162476693,29.995426472118908,3.906640137769049
-0.001099458959815458,-0.045798984766395788,1.0005497103711898,30.02801494548852,3.930009802289275
-0.005593497992229544,-0.04612129909955788,1.0027965473712623,30.069014593603075,3.959196997404822
-0.0011687490750101044,-0.046447504077076283,1.0005843187846608,30.109919280172683,3.988295810239194
-0.004064140577050849,-0.045049304956838634,1.0020319298949623,30.150726800434448,4.017189490546036
0.01014162012129292,-0.045398284526508993,0.994930570696694,30.19967895593762,4.051557240346041
-0.0025695170382042808,-0.045647333258663207,1.0012847269086569,30.23232399524905,4.0743017929782965
-0.0053086471378701655,-0.045985412595719706,1.002654208903271,30.273387342756806,4.102856595264622
-4.401964907237953e-06,-0.046241551126907289,1.0000022008980762,30.322494737613432,4.136864499084147
0.02960135133028786,-0.044649338037624275,0.9852008676518138,30.35513801019402,4.15941340213494
-0.0077790025145173846,-0.044883569277231986,1.0038893682827743,30.38796849506159,4.18193925463344
-0.01,-0.045266814808962462,1.016056628461155,30.43833903177473,4.216177729868341
-0.01,-0.045520174365160676,1.006871177253509,30.471768873795607,4.238826329130415
0.009878840723245332,-0.045930912731318364,0.9950608170411227,30.521443874099727,4.272493905392819
0.0006970972941545281,-0.044058820385964821,0.9996514703985104,30.554352900501694,4.294690882709219
-0.01,-0.044441503191275336,1.0050589881043719,30.61256454361447,4.333613843591694
0.010327820211001076,-0.044675490602072675,0.9948362627452777,30.645853604476446,4.355760369293467
0.005758937244635449,-0.045054852034626766,0.9971206071673648,30.695745029306885,4.388678760144936
-0.0037228498307866576,-0.045272803945724825,1.0018613490289807,30.72092171544567,4.4052796547780595
-0.01,-0.043346469152852597,1.0086933217061267,30.779937585303983,4.443943835632323
-0.0028416515714740197,-0.043513596837042527,1.001420782291406,30.796770427857027,4.454907654896804
0.021788225935685225,-0.04389939340052363,0.9891072660551669,30.85526804740209,4.492927820410907
-0.004448215569955119,-0.044165591339002025,1.0022238835039712,30.888810296008717,4.514474132297642
-0.01,-0.042166715261765589,1.0188434803524988,30.939989849218716,4.547160637737241
-0.01,-0.042393205929872439,1.0056321881518069,30.982480097321307,4.574290557639483
0.013541448491849,-0.042715070469497581,0.9932293687345464,31.02465032559654,4.6010533536382585
-0.008731374561336486,-0.043021347288116907,1.0043655511403005,31.06671628710927,4.627509393458348
0.009758010798975968,-0.040853952659690829,0.9951212025799476,31.109157641604913,4.654042822979582
-0.001133674994715347,-0.041133270334947625,1.0005666715613617,31.159968191422326,4.685708217294965
-0.004010268390291422,-0.041302144328018708,1.002005100635808,31.18559440539556,4.701522182105039
-0.0002917258632235666,-0.041657502110757486,1.0001458571728619,31.236825218279204,4.733014745671335
0.010387584732053487,-0.039468594415468933,0.9948063547394422,31.287957023672305,4.7642347292144445
-0.006280579412483798,-0.039632000559293744,1.0031402106451524,31.330826908190634,4.790389049258314
-0.01,-0.039968847238509395,1.0088101339481241,31.36534850907317,4.811166307859314
0.02620717061336945,-0.040313022091501977,0.9868972169228852,31.41677153746032,4.841942363728261
-0.01,-0.04055545794332692,1.0157701876868317,31.45115225464903,4.862503253888137
-0.01,-0.038192302675406777,1.0090515115181473,31.49479542419039,4.888434816316735
-0.01,-0.038403719709978003,1.0110642971146921,31.529422433362317,4.908969224186247
0.012276752657280413,-0.038764808661915208,0.9938618993829335,31.589448272132874,4.944416765809559
0.0037735354429846196,-0.038986339591957311,0.9981133523782704,31.6237199304289,4.964439598787111
-0.0049170707756932275,-0.038735652284656523,1.0024584763042867,31.67568440049016,4.994621570479446
-0.0021167417712639265,-0.038932631703273685,1.001058344239697,31.71040160127269,5.014806955102097
0.002831990114734213,-0.039261780342628713,0.9985840549731154,31.762336625142886,5.044746907067014
0.00879434061285954,-0.039485582160058326,0.9956030146177487,31.8056283418459,5.069618076694872
-0.01,-0.039778628069796651,1.0055308756393255,31.840491157609712,5.089543175789544
-0.008051910166875068,-0.039226905473506921,1.0040254765528853,31.892861662361465,5.119492984545182
0.013311766221022073,-0.039477058425714799,0.9933446357608217,31.92743089094312,5.139129755918745
-0.007519327501092395,-0.03977402656522859,1.0037595578021619,31.979466159390086,5.168576146845375
0.004260190647314616,-0.040116673923716532,0.997870083527609,32.02308909106851,5.1930575613178185
0.006053420653633531,-0.040359927113360311,0.9969733624111319,32.057902185679744,5.212558163496381
-0.01,-0.03958251660480254,1.0078552067888766,32.101637275636705,5.2370007964433825
0.0003118034028254542,-0.039895652601797844,0.9998441031602536,32.154182898352055,5.266208457226719
0.0066481714542923525,-0.040127327516639374,0.9966764904962537,32.189038125858524,5.285497425285479
-0.01,-0.040418035198292762,1.0055726476278297,32.23272378416618,5.309571171642888
0.0063338365479409554,-0.040714800293441052,0.9968332280483763,32.276552228366654,5.333613187898748
0.013089574913622492,-0.039652748741597341,0.993455368891426,32.32013639242528,5.357456839134401
-0.01,-0.039919435701225449,1.0061502179400146,32.364156368739536,5.381350520795883
-0.01,-0.040209790096665921,1.0061309391379514,32.40853590077007,5.405349971609671
0.008332559440367487,-0.040512577350742124,0.9958338502018232,32.45253434812406,5.429065626769458
0.002485989020798226,-0.039317830106038419,0.998757070387516,32.49633603551165,5.452539892096069
-0.006635291226071443,-0.03957402406867893,1.00331757584933,32.54047883826543,5.47607425599236
-2.9389461091455625e-05,-0.03985998014272317,1.000014694253385,32.58466436132463,5.4994929726037824
0.008287553114052304,-0.040152264402115244,0.9958565020270794,32.62870656756906,5.5226738554165244
-0.002470796193286528,-0.040392654387069939,1.0012353387198585,32.664017450757,5.5412308133545185
0.0075162954881903155,-0.039109361614345278,0.9962420146063099,32.72624318577205,5.573688561380798
-0.01,-0.03932180270927485,1.0113269662196744,32.76188798890768,5.59222407790449
0.002216844002038591,-0.03956337863794647,0.9988916789931597,32.815517897943515,5.619880760907293
-0.007035841001952177,-0.039866566683166953,1.0035177750698874,32.851123786627234,5.638136407856871
-0.0019754679070782093,-0.038304642593639922,1.0009877061189179,32.90451050926796,5.665412054236803
0.03241322082843723,-0.038595348485058321,0.9837940804318476,32.93976046076743,5.683425390878347
0.02611320132323691,-0.038891641581607392,0.9869437822183033,32.992649357459044,5.7102904826460845
-0.01,-0.039062566466019154,1.0384390919094233,33.019827078359604,5.7238410442670675
-0.01,-0.037528310822411898,1.0296632221322028,33.07544694493246,5.75168994924781
-0.01,-0.037756375526318442,1.0232291935261308,33.12139658288161,5.774529008129853
-0.01,-0.038031221442149522,1.0126384390546,33.16695000030243,5.7970786726506205
-0.01,-0.038376967604584138,1.0051209615319199,33.22107777610202,5.823729716994914
0.013682945900579856,-0.038601014671929057,0.9931587110367065,33.25679578799473,5.841238108303291
0.013318413727879543,-0.036798727098140284,0.9933409331663715,33.301304418461775,5.8629427599145725
-0.01,-0.037037123492581175,1.0053469191864186,33.34647249762,5.8847790684613495
-0.01,-0.037146635879866607,1.0116499313080072,33.401271562363185,5.911104036386153
0.01221158530145728,-0.03758972970344767,0.9938946291919561,33.43749029845897,5.928457274785772
-0.004052352074776374,-0.037908254508822417,1.0020261444445788,33.49180228134876,5.954293568087112
0.005449163371110382,-0.038168375118687932,0.9972755749867588,33.52792389521483,5.971435393297453
0.022499651994887862,-0.038428131203882665,0.9887508820502175,33.57264435993851,5.992491960611615
-0.01,-0.038801135732138378,1.0175729212272162,33.62721524441497,6.018306660234384
-0.01,-0.039088727968278163,1.0181786372124018,33.673336996918,6.039807823280897
0.00817347024230928,-0.038963296216477726,0.9959134952030503,33.70983547365529,6.056965915959719
-0.01,-0.039267241623026257,1.0079115118470243,33.75529420957552,6.07812107275308
-0.0038786599913788714,-0.039537780474104091,1.001939222916177,33.80087379416309,6.099172573220875
0.004625349245908346,-0.039899290597629769,0.9976874514166953,33.85514054510547,6.124241238279261
0.02249965909643329,-0.040102661467005182,0.9887520658889833,33.89129344501443,6.140844107919036
-0.01,-0.039815338569944986,1.0146579345288875,33.93695892941752,6.1616546895475865
-0.01,-0.040093679617495916,1.014045446557993,33.99250254913617,6.18687641352025
-0.01,-0.040457008884322798,1.0069331595214148,34.03835021506248,6.207678275799977
0.006236761940312142,-0.040687869142662828,0.9968817894261394,34.07468996807509,6.224049955058109
0.0039322439196845475,-0.040183931191643117,0.9980340006601269,34.12903607459504,6.248416702457892
-0.0018596570617723908,-0.040404908876459381,1.000929780515659,34.165505592080734,6.264685076324795
0.00028306289279866485,-0.040689955074423523,0.9998584808622415,34.2203458709166,6.28891646362717
0.00111589825305928,-0.040928418386557162,0.9994420679534137,34.2477608901486,6.3010567318368516
0.0013325618738054279,-0.041279680656921371,0.9993337894914066,34.302624349624516,6.325139894487391
-0.002380638882807159,-0.040504474436151579,1.0011902765332568,34.357604233328075,6.349202887068945
-0.00594665113998859,-0.040788708716362143,1.002973220090003,34.40347603981982,6.369141520238048
0.013623287509051427,-0.041004382097846993,0.993188536507193,34.44008268022802,6.384905509186462
0.001188576526945029,-0.041319633663168785,0.9994061713894203,34.48589131408883,6.404542880529242
-0.009667602922309768,-0.040312150258007669,1.0048336334371502,34.54141802969369,6.428290537310263
0.00037832826494242524,-0.040650494931261189,0.9998108548347893,34.58762644593392,6.447929659880904
-0.0020509609923931235,-0.040878810255968595,1.0010254558518337,34.62444665731288,6.463382425934305
0.028170460505985703,-0.041201847949034504,0.9859152774856079,34.670145029295526,6.48257813105733
0.01471784493246143,-0.041514435638011549,0.9926417880392177,34.7157793480952,6.501512015243276
-0.01,-0.040296739402286688,1.021403088524324,34.771974604107804,6.525084568577369
-0.01,-0.040562734426951588,1.0062335485360407,34.80938751448376,6.540513280563253
-0.01,-0.040870668200409625,1.0066116093958344,34.85584303599812,6.559778813243365
0.04562973569381144,-0.041115496908260045,0.9771859415202507,34.90208308174995,6.5785888704246736
-0.01,-0.039750766675041259,1.0206755214846295,34.948283529262135,6.597420024395217
-0.01,-0.040094143654995029,1.0256917006487207,35.00538061035557,6.6204301537211405
-0.01,-0.040392671490972996,1.015191070878947,35.052573824530356,6.63922315560135
-0.0021469499044717622,-0.04069188171795983,1.0010734517649014,35.09928550213569,6.657733940090225
0.023699413005708915,-0.039077764865892768,0.9881513884396773,35.1364156297139,6.672444830426068
-0.01,-0.039328700873977183,1.0101137469443042,35.19260825158438,6.694476502574794
-0.01,-0.039623460655952181,1.0112420975415342,35.2305311155095,6.709124444792005
0.03494857770761609,-0.039904275976583914,0.9825261310885677,35.27723174306309,6.72728058536564
-0.01,-0.040219872024247941,1.0229043898329533,35.32381999234667,6.745203148874662
-0.01,-0.040747970313808869,1.0135526457469775,35.38132345726597,6.7670574365532055
-0.01,-0.040917075300144788,1.006254746136096,35.40968409804717,6.77794802966231
0.0012467916290046102,-0.041262820307422669,0.999376614619089,35.4659134076209,6.799298182669923
0.01996620403449292,-0.041550209193792598,0.9900174006466004,35.5216874988008,6.820364640446206
0.0007787631351582776,-0.041639712026159702,0.9996106261190734,35.549723353874974,6.830923353802148
-0.01,-0.041980714099385474,1.012441214818943,35.60663278542991,6.8522111887606645
0.004946365196016907,-0.042222466422765302,0.9975268870969743,35.644302831612315,6.866404684481715
0.016416454286964473,-0.042615767287689503,0.9917923587386555,35.70015477844788,6.8870451996526425
-0.007815299382783207,-0.042901224932083107,1.0039074384031708,35.74711805957231,6.904255416179797
-0.01,-0.042800303859568518,1.0131177563926723,35.8041712731596,6.925237016897083
-0.00591799718702095,-0.043034122611401382,1.0029589113987223,35.841931487155506,6.939078440697184
0.006980586315586969,-0.043336540790743137,0.9965098785896667,35.88876318129148,6.956094476308143
0.02470585865784832,-0.043606368838685676,0.9876484276553422,35.93554119212702,6.9729370646886375
-0.01,-0.043976263432121222,1.0198726430830307,36.00229066388286,6.9967732985665885
-0.01,-0.043490725496504359,1.0276085597065192,36.03138131278154,7.007064962332446
-0.01,-0.04381300364710361,1.0160941883989012,36.07949213513964,7.02413990417078
-0.01,-0.044194829161984195,1.00740386217811,36.136597929880395,7.044296579790037
0.004984364734842737,-0.044388695804954983,0.9975078818026448,36.16490575307308,7.05416176659158
0.003177957500679253,-0.043709292767823885,0.9984113291885627,36.22119126721659,7.073793953880816
-0.0037106911717986342,-0.044013691108632305,1.0018552842783734,36.26832020471712,7.090060044616283
-0.0007740801133915143,-0.044253669473268975,1.000387028872981,36.30610457301517,7.102951470300933
0.00826297544086295,-0.044647867207396059,0.9958688987666052,36.362662607515766,7.122185939645459
-0.00599797938489441,-0.043683534607769123,1.0029988202434998,36.40990600854914,7.138094247249392
0.02533028092983953,-0.043965398626330948,0.987335247240467,36.45703889394528,7.153864954004519
-0.004993842748534317,-0.044216795979014435,1.0024968599395343,36.51378678195109,7.172708664974132
-0.01,-0.044603562052856364,1.0218456381775107,36.5524735078974,7.185355816291119
-0.004748896209416358,-0.045013280920226981,1.0023743383971664,36.60963760440529,7.204223682268906
0.01361685409163943,-0.043769587577196012,0.993192365659862,36.65692666818556,7.219616062956895
0.004959056913025174,-0.043999247000432375,0.9975206396595994,36.70441330510793,7.234880913780664
-0.01,-0.04432108940712895,1.005504256561734,36.742783158485445,7.247166926941446
-0.004037309449215127,-0.044588917318474766,1.0020185989933674,36.800341886175644,7.265433763146492
0.010523617463164377,-0.043264717294771701,0.9947385796369634,36.838428583578214,7.277452113511014
-0.0037400693859155234,-0.043551013674379767,1.0018699605954553,36.8860720427024,7.292374245642287
-0.00843154368007908,-0.043863979856848936,1.0042132031175501,36.94375410398395,7.310155518441987
0.009455037085226813,-0.044246645383937445,0.9952726085940344,36.99156961103385,7.324787358335204
-0.007644699677294106,-0.044511605398770353,1.0038220857565843,37.0297749750895,7.3364773799307335
0.009420160659192005,-0.042959710486928517,0.9952900550967716,37.0872828932336,7.353891798728135
0.0027404742553712434,-0.043194637813818784,0.9986298040340165,37.125599050082094,7.365434434154802
-0.01,-0.043495766840438578,1.005234591234758,37.17385602696758,7.379772738389739
0.0018460230404841798,-0.043809372374458061,0.999077033370446,37.231709784555534,7.396857972502828
0.007672765605317822,-0.044139943713683745,0.9961637439657123,37.26046297453774,7.405259904113655
-0.009211683838451593,-0.044581694225946003,1.0046057068546375,37.327854544687455,7.424897421547257
0.002257484155003714,-0.04484108321264238,0.998871291183895,37.36646923095671,7.436064837525026
0.004416008166992898,-0.045171447641806549,0.9977920477159212,37.41450400577212,7.449851359034963
-0.01,-0.045295620092471039,1.0056705065217098,37.472377393422654,7.466287197726742
0.006845709891229192,-0.045493428384008903,0.9965772517933021,37.501326925376326,7.474529565315842
0.023042739676592053,-0.045867824382028695,0.9884788938588965,37.55886237642764,7.490684020794521
0.0015490487002511207,-0.046202966097927269,0.999225537469441,37.60661243820702,7.504043867587068
-0.01,-0.046620235370885305,1.0202455032184312,37.66506540158255,7.520329424108054
-0.01,-0.046918846145185759,1.011827380974909,37.713900065616606,7.533711398287608
0.009156361002008956,-0.046485512124483146,0.9954220997850156,37.74285157383816,7.541585721075452
-0.0006868354636046527,-0.046817872454921444,1.000343396314071,37.790861992008026,7.554660956758726
-0.01,-0.047231099152045181,1.0051950747449443,37.848831254447944,7.57024254691491
0.007001832994342962,-0.047579105190305018,0.9964991591235235,37.89701347754652,7.583039643629998
0.0027467333720168846,-0.047042386151287273,0.9986267782874065,37.9546024893487,7.598200502049198
0.023427085156425883,-0.047265261167971563,0.9882868645871101,37.993215942664165,7.608303426376685
-0.01,-0.047646552323667594,1.0184269250300904,38.04187460966062,7.620848773292912
-0.01,-0.048015328443904298,1.0165599273078325,38.10100369161472,7.635927307364846
-0.01,-0.047220411096493678,1.0119564814133688,38.14977510469988,7.648324763244386
0.009625233576528567,-0.047483148725494327,0.9951875098832667,38.188454513285286,7.658074026519238
-0.009338564880715477,-0.04787848202216486,1.004668786209066,38.2464042211586,7.672441968482656
0.005048988689258976,-0.048162671488973699,0.9974756204900631,38.28515037836174,7.681996374299925
0.0016924408227969976,-0.048524703682221941,0.9991538228022445,38.33336990040751,7.6938248848345685
-0.0020624433775848186,-0.047325824643343506,1.0010311920386383,38.391489896805496,7.707929951667575
8.919199455546921e-05,-0.047786278429497286,0.9999554067074699,38.43997271208782,7.719489822657793
0.0003080593827939221,-0.048056382442388502,0.9998459839905787,38.48842894812859,7.730918331121645
0.0012400715315408284,-0.04840399740576478,0.9993799850772834,38.52720420909808,7.740031775288656
0.0003429286889661207,-0.047052454605081076,0.9998285435777502,38.58542733598017,7.753534866325529
0.02611317013259966,-0.047324746149614377,0.9869440499410368,38.62430022017768,7.762461073515433
-0.01,-0.047680192771243531,1.0077596359921563,38.67317380040229,7.773443141540248
-0.01,-0.047965960764329567,1.0085497824171532,38.71284411346865,7.7823252520851085
-0.007316336357168893,-0.048406335641139303,1.0036580342173704,38.77181920673411,7.795462163176786
0.01238640110456908,-0.046817622871268845,0.993806966000792,38.82038292358639,7.806153914174705
-0.0011009323300269689,-0.047121814704643591,1.0005504348263607,38.868809530192756,7.816652451239555
-0.00702572292588862,-0.047402251026209416,1.0035126549398339,38.92746341459974,7.829141903716187
0.0027868511270016326,-0.047833930671042676,0.998606734082438,38.96645183976344,7.837374387937067
0.0052231555613901776,-0.046034044178728736,0.9973887120923446,39.00527592535414,7.845461130654409
-0.0021741710534560923,-0.046407316632663696,1.0010870203724327,39.063684910310485,7.8575592798833345
-0.01,-0.046673666113126441,1.0070827619637168,39.10279397230385,7.865457244658241
0.03299089663236188,-0.047055968349815291,0.9835048584381797,39.161222024041095,7.877172567702155
-0.01,-0.047404478175166243,1.0052370910169723,39.20999814828824,7.886820655825366
-0.01,-0.047620977150674662,1.005511513154015,39.259772018718564,7.896597103240263
0.010936973458863488,-0.047955042045253984,0.9945317166540621,39.30911227521097,7.906187539994365
-0.001639931403599887,-0.048289961559853496,1.000819908113001,39.35827934568531,7.915640718074635
-0.006646572320229352,-0.048640414639879621,1.0033230926836205,39.40782859651669,7.925083276764939
0.002320116081079466,-0.048563869825023448,0.998839964196017,39.4671274538594,7.936337131053213
0.004140306878747253,-0.048754344932224074,0.9979299185196164,39.506550643805966,7.943661069370965
-0.007453990536503603,-0.049180716209555671,1.0037268566541604,39.55601447057563,7.952759471362731
0.002170345379004111,-0.049612475716462622,0.9989150025427361,39.61543481021911,7.963538668124714
0.0022635847389269837,-0.049826124875723944,0.9988682762737526,39.64503245847299,7.968916234306826
-0.001492834880726427,-0.049413461271867951,1.00074639138796,39.704420278752025,7.979445032854848
-0.0015735033170767895,-0.049745118288437626,1.0007867129447132,39.75401438027969,7.988110249295833
0.001372113279277866,-0.050029444550767729,0.9993140475704727,39.81347533741977,7.998370798648761
0.0017941482575034322,-0.050482773014778839,0.9991029582086084,39.85310678925841,8.005070259649226
-0.001997865833817288,-0.049829488896314902,1.0009988711885713,39.92256916480844,8.016804184276072
-0.004626273136154221,-0.050085669652096432,1.0023130392884974,39.96232899563087,8.023393313440412
0.002333714375472086,-0.050362681574004399,0.9988331875451786,40.01194316202435,8.031428353909034
0.000529940773421802,-0.05073551117809405,0.9997350416663139,40.05157630588328,8.037760196704538
-0.0013308949780188116,-0.051126642278068818,1.0006654347333883,40.10121429112921,8.045622853515056
-0.01,-0.050031672364064188,1.006520292146277,40.151002049222214,8.053449200529538
-0.003568793569669506,-0.050381936075069855,1.0017843541574318,40.200543123570846,8.06108818408418
0.006277449128778202,-0.050738925995851378,0.9968615708485874,40.24966768957256,8.068377572526652
0.003922591744773034,-0.051053469240259913,0.9980387725832366,40.28890964100831,8.074167926888466
-0.01,-0.049824156494259364,1.0050141867864217,40.34810339797716,8.082865000867878
0.003111429025922018,-0.050163110730550284,0.9984443331105848,40.397498145296666,8.089989897201383
0.00445745689285635,-0.050430589244147984,0.9977713302153055,40.43678415389569,8.0955155158877
-0.0031454100022517474,-0.050797341081431378,1.0015726757546266,40.48604300468143,8.102368104820428
0.0012640466888195726,-0.051262293227645861,0.9993680214061954,40.5552241843814,8.11166186616652
0.0026664081911276015,-0.049681176160547597,0.9986669038411655,40.59467229899007,8.116940452960348
0.016169836405732472,-0.049986517227350827,0.9919153824907248,40.64399040212911,8.123424257549452
-0.009566571701213958,-0.050433320644209377,1.0047826400015467,40.70368226406849,8.130857953500845
0.00044581493629987823,-0.050824951768190359,0.9997772424919149,40.75363837208953,8.137075407446432
0.01073552496830839,-0.049000071549960555,0.9946324955059452,40.79329956063116,8.141937972427018
-0.006889561069865863,-0.04931097855406491,1.0034444375943308,40.84301583311964,8.147945909079908
-0.002294169662264528,-0.049655306332252243,1.0011468569528992,40.89302270963471,8.153836140806098
0.005073467985233128,-0.050012020608838269,0.9974633193500199,40.94276038102371,8.159556500088465
0.002067978331735737,-0.050307051403459278,0.9989660343518177,41.002432533198906,8.166261922199537
-0.006974616843691781,-0.048417030775280173,1.003487212143854,41.042384064573916,8.17063182122903
0.003292748308628238,-0.048742989057390509,0.9983536524585311,41.092297727902285,8.175965319960179
0.0009867600088420887,-0.049086824599080391,0.9995066508364886,41.14204398642608,8.181066895069016
-0.002184554338306866,-0.049447557080586721,1.0010922515445082,41.20191382956873,8.187013294747405
0.00028406462571136125,-0.049441863192126609,0.9998579702471517,41.24183032931799,8.190980884556266
-0.00041696233985861336,-0.049773904122585991,1.0002084744002213,41.29168921754149,8.195756930476568
-0.0008864565788813966,-0.05019160686145363,1.000443191834958,41.351564986658744,8.201367562910708
-0.0008002975796840544,-0.050411334037163059,1.000400103459517,41.38150123730799,8.204109141100668
-0.0020771565501477443,-0.050845939187465931,1.001038421260522,41.45133893929672,8.210462652640581
0.0003411278392303825,-0.050490468931949237,0.9998294414968717,41.491223125196555,8.213943656743137
0.001051046652159845,-0.050841210651201806,0.9994744905812443,41.54103834207543,8.218208725050435
-0.001701280545081684,-0.051210289405446738,1.00085059342637,41.59090957136506,8.222309745747877
-0.0023723662598158293,-0.051591527817611463,1.0011861412192289,41.6408345898286,8.226322503559429
0.0026511445597195435,-0.05092298978354394,0.9986745327638636,41.690664478254526,8.230249243545613
0.0014472984408155142,-0.051123093027765389,0.9992763620629711,41.720529494466085,8.23256168896837
-0.006424993388897457,-0.051695014843568712,1.0032123772155446,41.800470815148586,8.238323537651311
0.004468028447174493,-0.052011122028655377,0.9977661401220664,41.840397338415464,8.241113190644468
0.003860515480358472,-0.052376722402936608,0.9980699231051338,41.89009218678107,8.244550907028387
-0.004998649569760731,-0.051434807634091334,1.0024992318302053,41.94993666695431,8.24864548676587
-0.0004048792853851686,-0.051768473426452133,1.0002024289573033,41.9997108938714,8.251987587900615
0.006318942728727593,-0.052030946015278301,0.9968406063718762,42.039458027425084,8.25427394875941
-0.0014009070862043508,-0.052447471639941262,1.000700390923274,42.08922295250102,8.257276766679126
-0.0014106191194032688,-0.051199050967055258,1.0007052952328541,42.1391639636129,8.260113717249045
0.007695355587815062,-0.051516858022117834,0.9961524487973138,42.19898138918479,8.263275782945644
-0.008433722199245779,-0.051869766817749206,1.0042159986616948,42.24893783705697,8.265755557911408
0.003635748892694395,-0.052239440512410903,0.9981821832827031,42.28889667228811,8.267668011850695
0.0023115609046329014,-0.052679543635213086,0.9988442521179025,42.34857038363218,8.27046318377661
-0.0031111648114330367,-0.051076839479188084,1.0015554611374937,42.388465390184294,8.272210996559634
-0.001215813611276633,-0.051404026981871263,1.0006078845442414,42.43838258052933,8.274326299219036
0.0023097471277603787,-0.051762495896889041,0.9988451611283352,42.48819142163851,8.276242257205299
-0.0012293547341845942,-0.052143024865834699,1.0006145914711915,42.5380011893575,8.277974931842941
